{"total_loss": 921.4005227172747, "average_loss": 0.18102171369691056}