{"total_loss": 707.3433181862347, "average_loss": 0.138967253081775}