{"total_loss": 1983.3637567684054, "average_loss": 0.3896588913100993}