{"total_loss": 1919.2461430616677, "average_loss": 0.3770621106211528}