{"total_loss": 580.265085643623, "average_loss": 0.11400099914413026}