{"total_loss": 1294.8679895214736, "average_loss": 0.25439449695903216}