{"total_loss": 3132.8004310429096, "average_loss": 0.6154814206371139}