{"total_loss": 681.461866971571, "average_loss": 0.1338824885995228}