{"total_loss": 2830.2215573340654, "average_loss": 0.5560356694173016}