{"total_loss": 2838.263442337513, "average_loss": 0.5576156075319278}