{"total_loss": 1843.7784262150526, "average_loss": 0.362235447193527}