{"total_loss": 2942.421898275614, "average_loss": 0.5780789584038534}