{"total_loss": 560.2448123919312, "average_loss": 0.11006774310254051}