{"total_loss": 693.8759434018284, "average_loss": 0.1363214034188268}