{"total_loss": 677.9418446570635, "average_loss": 0.13319093215266473}