{"total_loss": 911.4206139883026, "average_loss": 0.17906102435919502}