{"total_loss": 1225.621151726693, "average_loss": 0.2407900101624151}