{"total_loss": 1219.2958545386791, "average_loss": 0.23954731916280533}