{"total_loss": 1829.685027051717, "average_loss": 0.3594666064934611}