{"total_loss": 1291.2497337777168, "average_loss": 0.2536836412136968}