{"total_loss": 574.6577977307606, "average_loss": 0.11289937087048343}