{"total_loss": 555.1887477296405, "average_loss": 0.1090744101629942}