{"total_loss": 860.3140826057643, "average_loss": 0.1690204484490696}