{"total_loss": 869.8225345774554, "average_loss": 0.17088851366944113}